{"bunLeft":{"Frame0":[1.0,55.0,60.0,1.0],"Frame1":[62.0,55.0,121.0,1.0],"Frame2":[123.0,55.0,182.0,1.0],"Frame3":[184.0,55.0,243.0,1.0],"Frame4":[245.0,55.0,304.0,1.0],"Frame5":[306.0,55.0,365.0,1.0],"Frame6":[367.0,55.0,426.0,1.0],"Frame7":[428.0,55.0,487.0,1.0],"NumFrames":8,"Repeating":true,"SecsPerFrame":0.09000000357627869},"bunRight":{"Frame0":[60.0,55.0,1.0,1.0],"Frame1":[121.0,55.0,62.0,1.0],"Frame2":[182.0,55.0,123.0,1.0],"Frame3":[243.0,55.0,184.0,1.0],"Frame4":[304.0,55.0,245.0,1.0],"Frame5":[365.0,55.0,306.0,1.0],"Frame6":[426.0,55.0,367.0,1.0],"Frame7":[487.0,55.0,428.0,1.0],"NumFrames":8,"Repeating":true,"SecsPerFrame":0.09000000357627869}}