{"fairy1left":{
"Frame0":[59.0,27.0,86.0,1.0],
"Frame1":[30.0,27.0,57.0,1.0],
"Frame2":[1.0,27.0,28.0,1.0],
"Frame3":[88.0,27.0,115.0,1.0],
"Frame4":[1.0,27.0,28.0,1.0],
"Frame5":[30.0,27.0,57.0,1.0],
"NumFrames":6,"Repeating":true,"SecsPerFrame":0.09000000357627869},
"fairy1right":{
"Frame0":[86.0,27.0,59.0,1.0],
"Frame1":[57.0,27.0,30.0,1.0],
"Frame2":[28.0,27.0,1.0,1.0],
"Frame3":[115.0,27.0,88.0,1.0],
"Frame4":[28.0,27.0,1.0,1.0],
"Frame5":[57.0,27.0,30.0,1.0],
"NumFrames":6,"Repeating":true,"SecsPerFrame":0.09000000357627869},
"fairy2left":{
"Frame0":[59.0,55.0,86.0,29.0],
"Frame1":[30.0,55.0,57.0,29.0],
"Frame2":[1.0,55.0,28.0,29.0],
"Frame3":[88.0,55.0,115.0,29.0],
"Frame4":[1.0,55.0,28.0,29.0],
"Frame5":[30.0,55.0,57.0,29.0],
"NumFrames":6,"Repeating":true,"SecsPerFrame":0.09000000357627869},
"fairy2right":{
"Frame0":[86.0,55.0,59.0,29.0],
"Frame1":[57.0,55.0,30.0,29.0],
"Frame2":[28.0,55.0,1.0,29.0],
"Frame3":[115.0,55.0,88.0,29.0],
"Frame4":[28.0,55.0,1.0,29.0],
"Frame5":[57.0,55.0,30.0,29.0],
"NumFrames":6,"Repeating":true,"SecsPerFrame":0.09000000357627869},
"fairy3left":{
"Frame0":[59.0,83.0,86.0,57.0],
"Frame1":[30.0,83.0,57.0,57.0],
"Frame2":[1.0,83.0,28.0,57.0],
"Frame3":[88.0,83.0,115.0,57.0],
"Frame4":[1.0,83.0,28.0,57.0],
"Frame5":[30.0,83.0,57.0,57.0],
"NumFrames":6,"Repeating":true,"SecsPerFrame":0.09000000357627869},
"fairy3right":{
"Frame0":[86.0,83.0,59.0,57.0],
"Frame1":[57.0,83.0,30.0,57.0],
"Frame2":[28.0,83.0,1.0,57.0],
"Frame3":[115.0,83.0,88.0,57.0],
"Frame4":[28.0,83.0,1.0,57.0],
"Frame5":[57.0,83.0,30.0,57.0],
"NumFrames":6,"Repeating":true,"SecsPerFrame":0.09000000357627869}}